-- phpMyAdmin SQL Dump
-- version 4.0.4
-- http://www.phpmyadmin.net
--
-- Client: localhost
-- Généré le: Ven 10 Janvier 2014 à 14:12
-- Version du serveur: 5.6.12-log
-- Version de PHP: 5.4.12

SET FOREIGN_KEY_CHECKS=0;
SET SQL_MODE = "NO_AUTO_VALUE_ON_ZERO";
SET time_zone = "+00:00";


/*!40101 SET @OLD_CHARACTER_SET_CLIENT=@@CHARACTER_SET_CLIENT */;
/*!40101 SET @OLD_CHARACTER_SET_RESULTS=@@CHARACTER_SET_RESULTS */;
/*!40101 SET @OLD_COLLATION_CONNECTION=@@COLLATION_CONNECTION */;
/*!40101 SET NAMES utf8 */;

--
-- Base de données: `magento`
--
CREATE DATABASE IF NOT EXISTS `magento` DEFAULT CHARACTER SET latin1 COLLATE latin1_swedish_ci;
USE `magento`;

-- --------------------------------------------------------

--
-- Structure de la table `eav_attribute`
--

DROP TABLE IF EXISTS `eav_attribute`;
CREATE TABLE IF NOT EXISTS `eav_attribute` (
  `attribute_id` smallint(5) unsigned NOT NULL AUTO_INCREMENT COMMENT 'Attribute Id',
  `entity_type_id` smallint(5) unsigned NOT NULL DEFAULT '0' COMMENT 'Entity Type Id',
  `attribute_code` varchar(255) DEFAULT NULL COMMENT 'Attribute Code',
  `attribute_model` varchar(255) DEFAULT NULL COMMENT 'Attribute Model',
  `backend_model` varchar(255) DEFAULT NULL COMMENT 'Backend Model',
  `backend_type` varchar(8) NOT NULL DEFAULT 'static' COMMENT 'Backend Type',
  `backend_table` varchar(255) DEFAULT NULL COMMENT 'Backend Table',
  `frontend_model` varchar(255) DEFAULT NULL COMMENT 'Frontend Model',
  `frontend_input` varchar(50) DEFAULT NULL COMMENT 'Frontend Input',
  `frontend_label` varchar(255) DEFAULT NULL COMMENT 'Frontend Label',
  `frontend_class` varchar(255) DEFAULT NULL COMMENT 'Frontend Class',
  `source_model` varchar(255) DEFAULT NULL COMMENT 'Source Model',
  `is_required` smallint(5) unsigned NOT NULL DEFAULT '0' COMMENT 'Defines Is Required',
  `is_user_defined` smallint(5) unsigned NOT NULL DEFAULT '0' COMMENT 'Defines Is User Defined',
  `default_value` text COMMENT 'Default Value',
  `is_unique` smallint(5) unsigned NOT NULL DEFAULT '0' COMMENT 'Defines Is Unique',
  `note` varchar(255) DEFAULT NULL COMMENT 'Note',
  PRIMARY KEY (`attribute_id`),
  UNIQUE KEY `UNQ_EAV_ATTRIBUTE_ENTITY_TYPE_ID_ATTRIBUTE_CODE` (`entity_type_id`,`attribute_code`),
  KEY `IDX_EAV_ATTRIBUTE_ENTITY_TYPE_ID` (`entity_type_id`)
) ENGINE=InnoDB  DEFAULT CHARSET=utf8 COMMENT='Eav Attribute' AUTO_INCREMENT=133 ;

--
-- Contenu de la table `eav_attribute`
--

INSERT INTO `eav_attribute` (`attribute_id`, `entity_type_id`, `attribute_code`, `attribute_model`, `backend_model`, `backend_type`, `backend_table`, `frontend_model`, `frontend_input`, `frontend_label`, `frontend_class`, `source_model`, `is_required`, `is_user_defined`, `default_value`, `is_unique`, `note`) VALUES
(1, 1, 'website_id', NULL, 'customer/customer_attribute_backend_website', 'static', NULL, NULL, 'select', 'Associate to Website', NULL, 'customer/customer_attribute_source_website', 1, 0, NULL, 0, NULL),
(2, 1, 'store_id', NULL, 'customer/customer_attribute_backend_store', 'static', NULL, NULL, 'select', 'Create In', NULL, 'customer/customer_attribute_source_store', 1, 0, NULL, 0, NULL),
(3, 1, 'created_in', NULL, NULL, 'varchar', NULL, NULL, 'text', 'Created From', NULL, NULL, 0, 0, NULL, 0, NULL),
(4, 1, 'prefix', NULL, NULL, 'varchar', NULL, NULL, 'text', 'Prefix', NULL, NULL, 0, 0, NULL, 0, NULL),
(5, 1, 'firstname', NULL, NULL, 'varchar', NULL, NULL, 'text', 'First Name', NULL, NULL, 1, 0, NULL, 0, NULL),
(6, 1, 'middlename', NULL, NULL, 'varchar', NULL, NULL, 'text', 'Middle Name/Initial', NULL, NULL, 0, 0, NULL, 0, NULL),
(7, 1, 'lastname', NULL, NULL, 'varchar', NULL, NULL, 'text', 'Last Name', NULL, NULL, 1, 0, NULL, 0, NULL),
(8, 1, 'suffix', NULL, NULL, 'varchar', NULL, NULL, 'text', 'Suffix', NULL, NULL, 0, 0, NULL, 0, NULL),
(9, 1, 'email', NULL, NULL, 'static', NULL, NULL, 'text', 'Email', NULL, NULL, 1, 0, NULL, 0, NULL),
(10, 1, 'group_id', NULL, NULL, 'static', NULL, NULL, 'select', 'Group', NULL, 'customer/customer_attribute_source_group', 1, 0, NULL, 0, NULL),
(11, 1, 'dob', NULL, 'eav/entity_attribute_backend_datetime', 'datetime', NULL, 'eav/entity_attribute_frontend_datetime', 'date', 'Date Of Birth', NULL, NULL, 0, 0, NULL, 0, NULL),
(12, 1, 'password_hash', NULL, 'customer/customer_attribute_backend_password', 'varchar', NULL, NULL, 'hidden', NULL, NULL, NULL, 0, 0, NULL, 0, NULL),
(13, 1, 'default_billing', NULL, 'customer/customer_attribute_backend_billing', 'int', NULL, NULL, 'text', 'Default Billing Address', NULL, NULL, 0, 0, NULL, 0, NULL),
(14, 1, 'default_shipping', NULL, 'customer/customer_attribute_backend_shipping', 'int', NULL, NULL, 'text', 'Default Shipping Address', NULL, NULL, 0, 0, NULL, 0, NULL),
(15, 1, 'taxvat', NULL, NULL, 'varchar', NULL, NULL, 'text', 'Tax/VAT Number', NULL, NULL, 0, 0, NULL, 0, NULL),
(16, 1, 'confirmation', NULL, NULL, 'varchar', NULL, NULL, 'text', 'Is Confirmed', NULL, NULL, 0, 0, NULL, 0, NULL),
(17, 1, 'created_at', NULL, NULL, 'static', NULL, NULL, 'datetime', 'Created At', NULL, NULL, 0, 0, NULL, 0, NULL),
(18, 1, 'gender', NULL, NULL, 'int', NULL, NULL, 'select', 'Gender', NULL, 'eav/entity_attribute_source_table', 0, 0, NULL, 0, NULL),
(19, 2, 'prefix', NULL, NULL, 'varchar', NULL, NULL, 'text', 'Prefix', NULL, NULL, 0, 0, NULL, 0, NULL),
(20, 2, 'firstname', NULL, NULL, 'varchar', NULL, NULL, 'text', 'First Name', NULL, NULL, 1, 0, NULL, 0, NULL),
(21, 2, 'middlename', NULL, NULL, 'varchar', NULL, NULL, 'text', 'Middle Name/Initial', NULL, NULL, 0, 0, NULL, 0, NULL),
(22, 2, 'lastname', NULL, NULL, 'varchar', NULL, NULL, 'text', 'Last Name', NULL, NULL, 1, 0, NULL, 0, NULL),
(23, 2, 'suffix', NULL, NULL, 'varchar', NULL, NULL, 'text', 'Suffix', NULL, NULL, 0, 0, NULL, 0, NULL),
(24, 2, 'company', NULL, NULL, 'varchar', NULL, NULL, 'text', 'Company', NULL, NULL, 0, 0, NULL, 0, NULL),
(25, 2, 'street', NULL, 'customer/entity_address_attribute_backend_street', 'text', NULL, NULL, 'multiline', 'Street Address', NULL, NULL, 1, 0, NULL, 0, NULL),
(26, 2, 'city', NULL, NULL, 'varchar', NULL, NULL, 'text', 'City', NULL, NULL, 1, 0, NULL, 0, NULL),
(27, 2, 'country_id', NULL, NULL, 'varchar', NULL, NULL, 'select', 'Country', NULL, 'customer/entity_address_attribute_source_country', 1, 0, NULL, 0, NULL),
(28, 2, 'region', NULL, 'customer/entity_address_attribute_backend_region', 'varchar', NULL, NULL, 'text', 'State/Province', NULL, NULL, 0, 0, NULL, 0, NULL),
(29, 2, 'region_id', NULL, NULL, 'int', NULL, NULL, 'hidden', 'State/Province', NULL, 'customer/entity_address_attribute_source_region', 0, 0, NULL, 0, NULL),
(30, 2, 'postcode', NULL, NULL, 'varchar', NULL, NULL, 'text', 'Zip/Postal Code', NULL, NULL, 1, 0, NULL, 0, NULL),
(31, 2, 'telephone', NULL, NULL, 'varchar', NULL, NULL, 'text', 'Telephone', NULL, NULL, 1, 0, NULL, 0, NULL),
(32, 2, 'fax', NULL, NULL, 'varchar', NULL, NULL, 'text', 'Fax', NULL, NULL, 0, 0, NULL, 0, NULL),
(33, 1, 'rp_token', NULL, NULL, 'varchar', NULL, NULL, 'hidden', NULL, NULL, NULL, 0, 0, NULL, 0, NULL),
(34, 1, 'rp_token_created_at', NULL, NULL, 'datetime', NULL, NULL, 'date', NULL, NULL, NULL, 0, 0, NULL, 0, NULL),
(35, 1, 'disable_auto_group_change', NULL, 'customer/attribute_backend_data_boolean', 'static', NULL, NULL, 'boolean', 'Disable Automatic Group Change Based on VAT ID', NULL, NULL, 0, 0, NULL, 0, NULL),
(36, 2, 'vat_id', NULL, NULL, 'varchar', NULL, NULL, 'text', 'VAT number', NULL, NULL, 0, 0, NULL, 0, NULL),
(37, 2, 'vat_is_valid', NULL, NULL, 'int', NULL, NULL, 'text', 'VAT number validity', NULL, NULL, 0, 0, NULL, 0, NULL),
(38, 2, 'vat_request_id', NULL, NULL, 'varchar', NULL, NULL, 'text', 'VAT number validation request ID', NULL, NULL, 0, 0, NULL, 0, NULL),
(39, 2, 'vat_request_date', NULL, NULL, 'varchar', NULL, NULL, 'text', 'VAT number validation request date', NULL, NULL, 0, 0, NULL, 0, NULL),
(40, 2, 'vat_request_success', NULL, NULL, 'int', NULL, NULL, 'text', 'VAT number validation request success', NULL, NULL, 0, 0, NULL, 0, NULL),
(41, 3, 'name', NULL, NULL, 'varchar', NULL, NULL, 'text', 'Name', NULL, NULL, 1, 0, NULL, 0, NULL),
(42, 3, 'is_active', NULL, NULL, 'int', NULL, NULL, 'select', 'Is Active', NULL, 'eav/entity_attribute_source_boolean', 1, 0, NULL, 0, NULL),
(43, 3, 'url_key', NULL, 'catalog/category_attribute_backend_urlkey', 'varchar', NULL, NULL, 'text', 'URL Key', NULL, NULL, 0, 0, NULL, 0, NULL),
(44, 3, 'description', NULL, NULL, 'text', NULL, NULL, 'textarea', 'Description', NULL, NULL, 0, 0, NULL, 0, NULL),
(45, 3, 'image', NULL, 'catalog/category_attribute_backend_image', 'varchar', NULL, NULL, 'image', 'Image', NULL, NULL, 0, 0, NULL, 0, NULL),
(46, 3, 'meta_title', NULL, NULL, 'varchar', NULL, NULL, 'text', 'Page Title', NULL, NULL, 0, 0, NULL, 0, NULL),
(47, 3, 'meta_keywords', NULL, NULL, 'text', NULL, NULL, 'textarea', 'Meta Keywords', NULL, NULL, 0, 0, NULL, 0, NULL),
(48, 3, 'meta_description', NULL, NULL, 'text', NULL, NULL, 'textarea', 'Meta Description', NULL, NULL, 0, 0, NULL, 0, NULL),
(49, 3, 'display_mode', NULL, NULL, 'varchar', NULL, NULL, 'select', 'Display Mode', NULL, 'catalog/category_attribute_source_mode', 0, 0, NULL, 0, NULL),
(50, 3, 'landing_page', NULL, NULL, 'int', NULL, NULL, 'select', 'CMS Block', NULL, 'catalog/category_attribute_source_page', 0, 0, NULL, 0, NULL),
(51, 3, 'is_anchor', NULL, NULL, 'int', NULL, NULL, 'select', 'Is Anchor', NULL, 'eav/entity_attribute_source_boolean', 0, 0, NULL, 0, NULL),
(52, 3, 'path', NULL, NULL, 'static', NULL, NULL, 'text', 'Path', NULL, NULL, 0, 0, NULL, 0, NULL),
(53, 3, 'position', NULL, NULL, 'static', NULL, NULL, 'text', 'Position', NULL, NULL, 0, 0, NULL, 0, NULL),
(54, 3, 'all_children', NULL, NULL, 'text', NULL, NULL, 'text', NULL, NULL, NULL, 0, 0, NULL, 0, NULL),
(55, 3, 'path_in_store', NULL, NULL, 'text', NULL, NULL, 'text', NULL, NULL, NULL, 0, 0, NULL, 0, NULL),
(56, 3, 'children', NULL, NULL, 'text', NULL, NULL, 'text', NULL, NULL, NULL, 0, 0, NULL, 0, NULL),
(57, 3, 'url_path', NULL, NULL, 'varchar', NULL, NULL, 'text', NULL, NULL, NULL, 0, 0, NULL, 0, NULL),
(58, 3, 'custom_design', NULL, NULL, 'varchar', NULL, NULL, 'select', 'Custom Design', NULL, 'core/design_source_design', 0, 0, NULL, 0, NULL),
(59, 3, 'custom_design_from', NULL, 'eav/entity_attribute_backend_datetime', 'datetime', NULL, NULL, 'date', 'Active From', NULL, NULL, 0, 0, NULL, 0, NULL),
(60, 3, 'custom_design_to', NULL, 'eav/entity_attribute_backend_datetime', 'datetime', NULL, NULL, 'date', 'Active To', NULL, NULL, 0, 0, NULL, 0, NULL),
(61, 3, 'page_layout', NULL, NULL, 'varchar', NULL, NULL, 'select', 'Page Layout', NULL, 'catalog/category_attribute_source_layout', 0, 0, NULL, 0, NULL),
(62, 3, 'custom_layout_update', NULL, 'catalog/attribute_backend_customlayoutupdate', 'text', NULL, NULL, 'textarea', 'Custom Layout Update', NULL, NULL, 0, 0, NULL, 0, NULL),
(63, 3, 'level', NULL, NULL, 'static', NULL, NULL, 'text', 'Level', NULL, NULL, 0, 0, NULL, 0, NULL),
(64, 3, 'children_count', NULL, NULL, 'static', NULL, NULL, 'text', 'Children Count', NULL, NULL, 0, 0, NULL, 0, NULL),
(65, 3, 'available_sort_by', NULL, 'catalog/category_attribute_backend_sortby', 'text', NULL, NULL, 'multiselect', 'Available Product Listing Sort By', NULL, 'catalog/category_attribute_source_sortby', 1, 0, NULL, 0, NULL),
(66, 3, 'default_sort_by', NULL, 'catalog/category_attribute_backend_sortby', 'varchar', NULL, NULL, 'select', 'Default Product Listing Sort By', NULL, 'catalog/category_attribute_source_sortby', 1, 0, NULL, 0, NULL),
(67, 3, 'include_in_menu', NULL, NULL, 'int', NULL, NULL, 'select', 'Include in Navigation Menu', NULL, 'eav/entity_attribute_source_boolean', 1, 0, '1', 0, NULL),
(68, 3, 'custom_use_parent_settings', NULL, NULL, 'int', NULL, NULL, 'select', 'Use Parent Category Settings', NULL, 'eav/entity_attribute_source_boolean', 0, 0, NULL, 0, NULL),
(69, 3, 'custom_apply_to_products', NULL, NULL, 'int', NULL, NULL, 'select', 'Apply To Products', NULL, 'eav/entity_attribute_source_boolean', 0, 0, NULL, 0, NULL),
(70, 3, 'filter_price_range', NULL, NULL, 'decimal', NULL, NULL, 'text', 'Layered Navigation Price Step', NULL, NULL, 0, 0, NULL, 0, NULL),
(71, 4, 'name', NULL, NULL, 'varchar', NULL, NULL, 'text', 'Name', NULL, NULL, 1, 0, NULL, 0, NULL),
(72, 4, 'description', NULL, NULL, 'text', NULL, NULL, 'textarea', 'Description', NULL, NULL, 1, 0, NULL, 0, NULL),
(73, 4, 'short_description', NULL, NULL, 'text', NULL, NULL, 'textarea', 'Short Description', NULL, NULL, 1, 0, NULL, 0, NULL),
(74, 4, 'sku', NULL, 'catalog/product_attribute_backend_sku', 'static', NULL, NULL, 'text', 'SKU', NULL, NULL, 1, 0, NULL, 1, NULL),
(75, 4, 'price', NULL, 'catalog/product_attribute_backend_price', 'decimal', NULL, NULL, 'price', 'Price', NULL, NULL, 1, 0, NULL, 0, NULL),
(76, 4, 'special_price', NULL, 'catalog/product_attribute_backend_price', 'decimal', NULL, NULL, 'price', 'Special Price', NULL, NULL, 0, 0, NULL, 0, NULL),
(77, 4, 'special_from_date', NULL, 'catalog/product_attribute_backend_startdate', 'datetime', NULL, NULL, 'date', 'Special Price From Date', NULL, NULL, 0, 0, NULL, 0, NULL),
(78, 4, 'special_to_date', NULL, 'eav/entity_attribute_backend_datetime', 'datetime', NULL, NULL, 'date', 'Special Price To Date', NULL, NULL, 0, 0, NULL, 0, NULL),
(79, 4, 'cost', NULL, 'catalog/product_attribute_backend_price', 'decimal', NULL, NULL, 'price', 'Cost', NULL, NULL, 0, 1, NULL, 0, NULL),
(80, 4, 'weight', NULL, NULL, 'decimal', NULL, NULL, 'weight', 'Weight', NULL, NULL, 1, 0, NULL, 0, NULL),
(81, 4, 'manufacturer', NULL, NULL, 'int', NULL, NULL, 'select', 'Manufacturer', NULL, NULL, 0, 1, NULL, 0, NULL),
(82, 4, 'meta_title', NULL, NULL, 'varchar', NULL, NULL, 'text', 'Meta Title', NULL, NULL, 0, 0, NULL, 0, NULL),
(83, 4, 'meta_keyword', NULL, NULL, 'text', NULL, NULL, 'textarea', 'Meta Keywords', NULL, NULL, 0, 0, NULL, 0, NULL),
(84, 4, 'meta_description', NULL, NULL, 'varchar', NULL, NULL, 'textarea', 'Meta Description', NULL, NULL, 0, 0, NULL, 0, 'Maximum 255 chars'),
(85, 4, 'image', NULL, NULL, 'varchar', NULL, 'catalog/product_attribute_frontend_image', 'media_image', 'Base Image', NULL, NULL, 0, 0, NULL, 0, NULL),
(86, 4, 'small_image', NULL, NULL, 'varchar', NULL, 'catalog/product_attribute_frontend_image', 'media_image', 'Small Image', NULL, NULL, 0, 0, NULL, 0, NULL),
(87, 4, 'thumbnail', NULL, NULL, 'varchar', NULL, 'catalog/product_attribute_frontend_image', 'media_image', 'Thumbnail', NULL, NULL, 0, 0, NULL, 0, NULL),
(88, 4, 'media_gallery', NULL, 'catalog/product_attribute_backend_media', 'varchar', NULL, NULL, 'gallery', 'Media Gallery', NULL, NULL, 0, 0, NULL, 0, NULL),
(89, 4, 'old_id', NULL, NULL, 'int', NULL, NULL, 'text', NULL, NULL, NULL, 0, 0, NULL, 0, NULL),
(90, 4, 'group_price', NULL, 'catalog/product_attribute_backend_groupprice', 'decimal', NULL, NULL, 'text', 'Group Price', NULL, NULL, 0, 0, NULL, 0, NULL),
(91, 4, 'tier_price', NULL, 'catalog/product_attribute_backend_tierprice', 'decimal', NULL, NULL, 'text', 'Tier Price', NULL, NULL, 0, 0, NULL, 0, NULL),
(92, 4, 'color', NULL, NULL, 'int', NULL, NULL, 'select', 'Color', NULL, NULL, 0, 1, '', 0, NULL),
(93, 4, 'news_from_date', NULL, 'catalog/product_attribute_backend_startdate', 'datetime', NULL, NULL, 'date', 'Set Product as New from Date', NULL, NULL, 0, 0, NULL, 0, NULL),
(94, 4, 'news_to_date', NULL, 'eav/entity_attribute_backend_datetime', 'datetime', NULL, NULL, 'date', 'Set Product as New to Date', NULL, NULL, 0, 0, NULL, 0, NULL),
(95, 4, 'gallery', NULL, NULL, 'varchar', NULL, NULL, 'gallery', 'Image Gallery', NULL, NULL, 0, 0, NULL, 0, NULL),
(96, 4, 'status', NULL, NULL, 'int', NULL, NULL, 'select', 'Status', NULL, 'catalog/product_status', 1, 0, NULL, 0, NULL),
(97, 4, 'url_key', NULL, 'catalog/product_attribute_backend_urlkey', 'varchar', NULL, NULL, 'text', 'URL Key', NULL, NULL, 0, 0, NULL, 0, NULL),
(98, 4, 'url_path', NULL, NULL, 'varchar', NULL, NULL, 'text', NULL, NULL, NULL, 0, 0, NULL, 0, NULL),
(99, 4, 'minimal_price', NULL, NULL, 'decimal', NULL, NULL, 'price', 'Minimal Price', NULL, NULL, 0, 0, NULL, 0, NULL),
(100, 4, 'is_recurring', NULL, NULL, 'int', NULL, NULL, 'select', 'Enable Recurring Profile', NULL, 'eav/entity_attribute_source_boolean', 0, 0, NULL, 0, 'Products with recurring profile participate in catalog as nominal items.'),
(101, 4, 'recurring_profile', NULL, 'catalog/product_attribute_backend_recurring', 'text', NULL, NULL, 'text', 'Recurring Payment Profile', NULL, NULL, 0, 0, NULL, 0, NULL),
(102, 4, 'visibility', NULL, NULL, 'int', NULL, NULL, 'select', 'Visibility', NULL, 'catalog/product_visibility', 1, 0, '4', 0, NULL),
(103, 4, 'custom_design', NULL, NULL, 'varchar', NULL, NULL, 'select', 'Custom Design', NULL, 'core/design_source_design', 0, 0, NULL, 0, NULL),
(104, 4, 'custom_design_from', NULL, 'catalog/product_attribute_backend_startdate', 'datetime', NULL, NULL, 'date', 'Active From', NULL, NULL, 0, 0, NULL, 0, NULL),
(105, 4, 'custom_design_to', NULL, 'eav/entity_attribute_backend_datetime', 'datetime', NULL, NULL, 'date', 'Active To', NULL, NULL, 0, 0, NULL, 0, NULL),
(106, 4, 'custom_layout_update', NULL, 'catalog/attribute_backend_customlayoutupdate', 'text', NULL, NULL, 'textarea', 'Custom Layout Update', NULL, NULL, 0, 0, NULL, 0, NULL),
(107, 4, 'page_layout', NULL, NULL, 'varchar', NULL, NULL, 'select', 'Page Layout', NULL, 'catalog/product_attribute_source_layout', 0, 0, NULL, 0, NULL),
(108, 4, 'category_ids', NULL, NULL, 'static', NULL, NULL, 'text', NULL, NULL, NULL, 0, 0, NULL, 0, NULL),
(109, 4, 'options_container', NULL, NULL, 'varchar', NULL, NULL, 'select', 'Display Product Options In', NULL, 'catalog/entity_product_attribute_design_options_container', 0, 0, 'container2', 0, NULL),
(110, 4, 'required_options', NULL, NULL, 'static', NULL, NULL, 'text', NULL, NULL, NULL, 0, 0, NULL, 0, NULL),
(111, 4, 'has_options', NULL, NULL, 'static', NULL, NULL, 'text', NULL, NULL, NULL, 0, 0, NULL, 0, NULL),
(112, 4, 'image_label', NULL, NULL, 'varchar', NULL, NULL, 'text', 'Image Label', NULL, NULL, 0, 0, NULL, 0, NULL),
(113, 4, 'small_image_label', NULL, NULL, 'varchar', NULL, NULL, 'text', 'Small Image Label', NULL, NULL, 0, 0, NULL, 0, NULL),
(114, 4, 'thumbnail_label', NULL, NULL, 'varchar', NULL, NULL, 'text', 'Thumbnail Label', NULL, NULL, 0, 0, NULL, 0, NULL),
(115, 4, 'created_at', NULL, 'eav/entity_attribute_backend_time_created', 'static', NULL, NULL, 'text', NULL, NULL, NULL, 1, 0, NULL, 0, NULL),
(116, 4, 'updated_at', NULL, 'eav/entity_attribute_backend_time_updated', 'static', NULL, NULL, 'text', NULL, NULL, NULL, 1, 0, NULL, 0, NULL),
(117, 4, 'country_of_manufacture', NULL, NULL, 'varchar', NULL, NULL, 'select', 'Country of Manufacture', NULL, 'catalog/product_attribute_source_countryofmanufacture', 0, 0, NULL, 0, NULL),
(118, 4, 'msrp_enabled', NULL, 'catalog/product_attribute_backend_msrp', 'varchar', NULL, NULL, 'select', 'Apply MAP', NULL, 'catalog/product_attribute_source_msrp_type_enabled', 0, 0, '2', 0, NULL),
(119, 4, 'msrp_display_actual_price_type', NULL, 'catalog/product_attribute_backend_boolean', 'varchar', NULL, NULL, 'select', 'Display Actual Price', NULL, 'catalog/product_attribute_source_msrp_type_price', 0, 0, '4', 0, NULL),
(120, 4, 'msrp', NULL, 'catalog/product_attribute_backend_price', 'decimal', NULL, NULL, 'price', 'Manufacturer''s Suggested Retail Price', NULL, NULL, 0, 0, NULL, 0, NULL),
(121, 4, 'tax_class_id', NULL, NULL, 'int', NULL, NULL, 'select', 'Tax Class', NULL, 'tax/class_source_product', 1, 0, NULL, 0, NULL),
(122, 4, 'gift_message_available', NULL, 'catalog/product_attribute_backend_boolean', 'varchar', NULL, NULL, 'select', 'Allow Gift Message', NULL, 'eav/entity_attribute_source_boolean', 0, 0, NULL, 0, NULL),
(123, 4, 'price_type', NULL, NULL, 'int', NULL, NULL, NULL, NULL, NULL, NULL, 1, 0, NULL, 0, NULL),
(124, 4, 'sku_type', NULL, NULL, 'int', NULL, NULL, NULL, NULL, NULL, NULL, 1, 0, NULL, 0, NULL),
(125, 4, 'weight_type', NULL, NULL, 'int', NULL, NULL, NULL, NULL, NULL, NULL, 1, 0, NULL, 0, NULL),
(126, 4, 'price_view', NULL, NULL, 'int', NULL, NULL, 'select', 'Price View', NULL, 'bundle/product_attribute_source_price_view', 1, 0, NULL, 0, NULL),
(127, 4, 'shipment_type', NULL, NULL, 'int', NULL, NULL, NULL, 'Shipment', NULL, NULL, 1, 0, NULL, 0, NULL),
(128, 4, 'links_purchased_separately', NULL, NULL, 'int', NULL, NULL, NULL, 'Links can be purchased separately', NULL, NULL, 1, 0, NULL, 0, NULL),
(129, 4, 'samples_title', NULL, NULL, 'varchar', NULL, NULL, NULL, 'Samples title', NULL, NULL, 1, 0, NULL, 0, NULL),
(130, 4, 'links_title', NULL, NULL, 'varchar', NULL, NULL, NULL, 'Links title', NULL, NULL, 1, 0, NULL, 0, NULL),
(131, 4, 'links_exist', NULL, NULL, 'int', NULL, NULL, NULL, NULL, NULL, NULL, 0, 0, '0', 0, NULL),
(132, 3, 'thumbnail', NULL, 'catalog/category_attribute_backend_image', 'varchar', NULL, NULL, 'image', 'Thumbnail Image', NULL, NULL, 0, 0, NULL, 0, NULL);

-- --------------------------------------------------------

--
-- Structure de la table `eav_attribute_group`
--

DROP TABLE IF EXISTS `eav_attribute_group`;
CREATE TABLE IF NOT EXISTS `eav_attribute_group` (
  `attribute_group_id` smallint(5) unsigned NOT NULL AUTO_INCREMENT COMMENT 'Attribute Group Id',
  `attribute_set_id` smallint(5) unsigned NOT NULL DEFAULT '0' COMMENT 'Attribute Set Id',
  `attribute_group_name` varchar(255) DEFAULT NULL COMMENT 'Attribute Group Name',
  `sort_order` smallint(6) NOT NULL DEFAULT '0' COMMENT 'Sort Order',
  `default_id` smallint(5) unsigned DEFAULT '0' COMMENT 'Default Id',
  PRIMARY KEY (`attribute_group_id`),
  UNIQUE KEY `UNQ_EAV_ATTRIBUTE_GROUP_ATTRIBUTE_SET_ID_ATTRIBUTE_GROUP_NAME` (`attribute_set_id`,`attribute_group_name`),
  KEY `IDX_EAV_ATTRIBUTE_GROUP_ATTRIBUTE_SET_ID_SORT_ORDER` (`attribute_set_id`,`sort_order`)
) ENGINE=InnoDB  DEFAULT CHARSET=utf8 COMMENT='Eav Attribute Group' AUTO_INCREMENT=18 ;

--
-- Contenu de la table `eav_attribute_group`
--

INSERT INTO `eav_attribute_group` (`attribute_group_id`, `attribute_set_id`, `attribute_group_name`, `sort_order`, `default_id`) VALUES
(1, 1, 'General', 1, 1),
(2, 2, 'General', 1, 1),
(3, 3, 'General', 10, 1),
(4, 3, 'General Information', 2, 0),
(5, 3, 'Display Settings', 20, 0),
(6, 3, 'Custom Design', 30, 0),
(7, 4, 'General', 1, 1),
(8, 4, 'Prices', 2, 0),
(9, 4, 'Meta Information', 3, 0),
(10, 4, 'Images', 4, 0),
(11, 4, 'Recurring Profile', 5, 0),
(12, 4, 'Design', 6, 0),
(13, 5, 'General', 1, 1),
(14, 6, 'General', 1, 1),
(15, 7, 'General', 1, 1),
(16, 8, 'General', 1, 1),
(17, 4, 'Gift Options', 7, 0);

-- --------------------------------------------------------

--
-- Structure de la table `eav_attribute_label`
--

DROP TABLE IF EXISTS `eav_attribute_label`;
CREATE TABLE IF NOT EXISTS `eav_attribute_label` (
  `attribute_label_id` int(10) unsigned NOT NULL AUTO_INCREMENT COMMENT 'Attribute Label Id',
  `attribute_id` smallint(5) unsigned NOT NULL DEFAULT '0' COMMENT 'Attribute Id',
  `store_id` smallint(5) unsigned NOT NULL DEFAULT '0' COMMENT 'Store Id',
  `value` varchar(255) DEFAULT NULL COMMENT 'Value',
  PRIMARY KEY (`attribute_label_id`),
  KEY `IDX_EAV_ATTRIBUTE_LABEL_ATTRIBUTE_ID` (`attribute_id`),
  KEY `IDX_EAV_ATTRIBUTE_LABEL_STORE_ID` (`store_id`),
  KEY `IDX_EAV_ATTRIBUTE_LABEL_ATTRIBUTE_ID_STORE_ID` (`attribute_id`,`store_id`)
) ENGINE=InnoDB DEFAULT CHARSET=utf8 COMMENT='Eav Attribute Label' AUTO_INCREMENT=1 ;

-- --------------------------------------------------------

--
-- Structure de la table `eav_attribute_option`
--

DROP TABLE IF EXISTS `eav_attribute_option`;
CREATE TABLE IF NOT EXISTS `eav_attribute_option` (
  `option_id` int(10) unsigned NOT NULL AUTO_INCREMENT COMMENT 'Option Id',
  `attribute_id` smallint(5) unsigned NOT NULL DEFAULT '0' COMMENT 'Attribute Id',
  `sort_order` smallint(5) unsigned NOT NULL DEFAULT '0' COMMENT 'Sort Order',
  PRIMARY KEY (`option_id`),
  KEY `IDX_EAV_ATTRIBUTE_OPTION_ATTRIBUTE_ID` (`attribute_id`)
) ENGINE=InnoDB  DEFAULT CHARSET=utf8 COMMENT='Eav Attribute Option' AUTO_INCREMENT=7 ;

--
-- Contenu de la table `eav_attribute_option`
--

INSERT INTO `eav_attribute_option` (`option_id`, `attribute_id`, `sort_order`) VALUES
(1, 18, 0),
(2, 18, 1),
(5, 92, 0),
(6, 92, 0);

-- --------------------------------------------------------

--
-- Structure de la table `eav_attribute_option_value`
--

DROP TABLE IF EXISTS `eav_attribute_option_value`;
CREATE TABLE IF NOT EXISTS `eav_attribute_option_value` (
  `value_id` int(10) unsigned NOT NULL AUTO_INCREMENT COMMENT 'Value Id',
  `option_id` int(10) unsigned NOT NULL DEFAULT '0' COMMENT 'Option Id',
  `store_id` smallint(5) unsigned NOT NULL DEFAULT '0' COMMENT 'Store Id',
  `value` varchar(255) DEFAULT NULL COMMENT 'Value',
  PRIMARY KEY (`value_id`),
  KEY `IDX_EAV_ATTRIBUTE_OPTION_VALUE_OPTION_ID` (`option_id`),
  KEY `IDX_EAV_ATTRIBUTE_OPTION_VALUE_STORE_ID` (`store_id`)
) ENGINE=InnoDB  DEFAULT CHARSET=utf8 COMMENT='Eav Attribute Option Value' AUTO_INCREMENT=7 ;

--
-- Contenu de la table `eav_attribute_option_value`
--

INSERT INTO `eav_attribute_option_value` (`value_id`, `option_id`, `store_id`, `value`) VALUES
(1, 1, 0, 'Male'),
(2, 2, 0, 'Female'),
(5, 5, 0, 'Noir'),
(6, 6, 0, 'Blanc');

-- --------------------------------------------------------

--
-- Structure de la table `eav_attribute_set`
--

DROP TABLE IF EXISTS `eav_attribute_set`;
CREATE TABLE IF NOT EXISTS `eav_attribute_set` (
  `attribute_set_id` smallint(5) unsigned NOT NULL AUTO_INCREMENT COMMENT 'Attribute Set Id',
  `entity_type_id` smallint(5) unsigned NOT NULL DEFAULT '0' COMMENT 'Entity Type Id',
  `attribute_set_name` varchar(255) DEFAULT NULL COMMENT 'Attribute Set Name',
  `sort_order` smallint(6) NOT NULL DEFAULT '0' COMMENT 'Sort Order',
  PRIMARY KEY (`attribute_set_id`),
  UNIQUE KEY `UNQ_EAV_ATTRIBUTE_SET_ENTITY_TYPE_ID_ATTRIBUTE_SET_NAME` (`entity_type_id`,`attribute_set_name`),
  KEY `IDX_EAV_ATTRIBUTE_SET_ENTITY_TYPE_ID_SORT_ORDER` (`entity_type_id`,`sort_order`)
) ENGINE=InnoDB  DEFAULT CHARSET=utf8 COMMENT='Eav Attribute Set' AUTO_INCREMENT=9 ;

--
-- Contenu de la table `eav_attribute_set`
--

INSERT INTO `eav_attribute_set` (`attribute_set_id`, `entity_type_id`, `attribute_set_name`, `sort_order`) VALUES
(1, 1, 'Default', 1),
(2, 2, 'Default', 1),
(3, 3, 'Default', 1),
(4, 4, 'Default', 1),
(5, 5, 'Default', 1),
(6, 6, 'Default', 1),
(7, 7, 'Default', 1),
(8, 8, 'Default', 1);

-- --------------------------------------------------------

--
-- Structure de la table `eav_entity`
--

DROP TABLE IF EXISTS `eav_entity`;
CREATE TABLE IF NOT EXISTS `eav_entity` (
  `entity_id` int(10) unsigned NOT NULL AUTO_INCREMENT COMMENT 'Entity Id',
  `entity_type_id` smallint(5) unsigned NOT NULL DEFAULT '0' COMMENT 'Entity Type Id',
  `attribute_set_id` smallint(5) unsigned NOT NULL DEFAULT '0' COMMENT 'Attribute Set Id',
  `increment_id` varchar(50) DEFAULT NULL COMMENT 'Increment Id',
  `parent_id` int(10) unsigned NOT NULL DEFAULT '0' COMMENT 'Parent Id',
  `store_id` smallint(5) unsigned NOT NULL DEFAULT '0' COMMENT 'Store Id',
  `created_at` timestamp NOT NULL DEFAULT '0000-00-00 00:00:00' COMMENT 'Created At',
  `updated_at` timestamp NOT NULL DEFAULT '0000-00-00 00:00:00' COMMENT 'Updated At',
  `is_active` smallint(5) unsigned NOT NULL DEFAULT '1' COMMENT 'Defines Is Entity Active',
  PRIMARY KEY (`entity_id`),
  KEY `IDX_EAV_ENTITY_ENTITY_TYPE_ID` (`entity_type_id`),
  KEY `IDX_EAV_ENTITY_STORE_ID` (`store_id`)
) ENGINE=InnoDB DEFAULT CHARSET=utf8 COMMENT='Eav Entity' AUTO_INCREMENT=1 ;

-- --------------------------------------------------------

--
-- Structure de la table `eav_entity_attribute`
--

DROP TABLE IF EXISTS `eav_entity_attribute`;
CREATE TABLE IF NOT EXISTS `eav_entity_attribute` (
  `entity_attribute_id` int(10) unsigned NOT NULL AUTO_INCREMENT COMMENT 'Entity Attribute Id',
  `entity_type_id` smallint(5) unsigned NOT NULL DEFAULT '0' COMMENT 'Entity Type Id',
  `attribute_set_id` smallint(5) unsigned NOT NULL DEFAULT '0' COMMENT 'Attribute Set Id',
  `attribute_group_id` smallint(5) unsigned NOT NULL DEFAULT '0' COMMENT 'Attribute Group Id',
  `attribute_id` smallint(5) unsigned NOT NULL DEFAULT '0' COMMENT 'Attribute Id',
  `sort_order` smallint(6) NOT NULL DEFAULT '0' COMMENT 'Sort Order',
  PRIMARY KEY (`entity_attribute_id`),
  UNIQUE KEY `UNQ_EAV_ENTITY_ATTRIBUTE_ATTRIBUTE_SET_ID_ATTRIBUTE_ID` (`attribute_set_id`,`attribute_id`),
  UNIQUE KEY `UNQ_EAV_ENTITY_ATTRIBUTE_ATTRIBUTE_GROUP_ID_ATTRIBUTE_ID` (`attribute_group_id`,`attribute_id`),
  KEY `IDX_EAV_ENTITY_ATTRIBUTE_ATTRIBUTE_SET_ID_SORT_ORDER` (`attribute_set_id`,`sort_order`),
  KEY `IDX_EAV_ENTITY_ATTRIBUTE_ATTRIBUTE_ID` (`attribute_id`)
) ENGINE=InnoDB  DEFAULT CHARSET=utf8 COMMENT='Eav Entity Attributes' AUTO_INCREMENT=215 ;

--
-- Contenu de la table `eav_entity_attribute`
--

INSERT INTO `eav_entity_attribute` (`entity_attribute_id`, `entity_type_id`, `attribute_set_id`, `attribute_group_id`, `attribute_id`, `sort_order`) VALUES
(1, 1, 1, 1, 1, 10),
(2, 1, 1, 1, 2, 0),
(3, 1, 1, 1, 3, 20),
(4, 1, 1, 1, 4, 30),
(5, 1, 1, 1, 5, 40),
(6, 1, 1, 1, 6, 50),
(7, 1, 1, 1, 7, 60),
(8, 1, 1, 1, 8, 70),
(9, 1, 1, 1, 9, 80),
(10, 1, 1, 1, 10, 25),
(11, 1, 1, 1, 11, 90),
(12, 1, 1, 1, 12, 0),
(13, 1, 1, 1, 13, 0),
(14, 1, 1, 1, 14, 0),
(15, 1, 1, 1, 15, 100),
(16, 1, 1, 1, 16, 0),
(17, 1, 1, 1, 17, 86),
(18, 1, 1, 1, 18, 110),
(19, 2, 2, 2, 19, 10),
(20, 2, 2, 2, 20, 20),
(21, 2, 2, 2, 21, 30),
(22, 2, 2, 2, 22, 40),
(23, 2, 2, 2, 23, 50),
(24, 2, 2, 2, 24, 60),
(25, 2, 2, 2, 25, 70),
(26, 2, 2, 2, 26, 80),
(27, 2, 2, 2, 27, 90),
(28, 2, 2, 2, 28, 100),
(29, 2, 2, 2, 29, 100),
(30, 2, 2, 2, 30, 110),
(31, 2, 2, 2, 31, 120),
(32, 2, 2, 2, 32, 130),
(33, 1, 1, 1, 33, 111),
(34, 1, 1, 1, 34, 112),
(35, 1, 1, 1, 35, 28),
(36, 2, 2, 2, 36, 140),
(37, 2, 2, 2, 37, 132),
(38, 2, 2, 2, 38, 133),
(39, 2, 2, 2, 39, 134),
(40, 2, 2, 2, 40, 135),
(41, 3, 3, 4, 41, 1),
(42, 3, 3, 4, 42, 2),
(43, 3, 3, 4, 43, 3),
(44, 3, 3, 4, 44, 4),
(45, 3, 3, 4, 45, 5),
(46, 3, 3, 4, 46, 6),
(47, 3, 3, 4, 47, 7),
(48, 3, 3, 4, 48, 8),
(49, 3, 3, 5, 49, 10),
(50, 3, 3, 5, 50, 20),
(51, 3, 3, 5, 51, 30),
(52, 3, 3, 4, 52, 12),
(53, 3, 3, 4, 53, 13),
(54, 3, 3, 4, 54, 14),
(55, 3, 3, 4, 55, 15),
(56, 3, 3, 4, 56, 16),
(57, 3, 3, 4, 57, 17),
(58, 3, 3, 6, 58, 10),
(59, 3, 3, 6, 59, 30),
(60, 3, 3, 6, 60, 40),
(61, 3, 3, 6, 61, 50),
(62, 3, 3, 6, 62, 60),
(63, 3, 3, 4, 63, 24),
(64, 3, 3, 4, 64, 25),
(65, 3, 3, 5, 65, 40),
(66, 3, 3, 5, 66, 50),
(67, 3, 3, 4, 67, 10),
(68, 3, 3, 6, 68, 5),
(69, 3, 3, 6, 69, 6),
(70, 3, 3, 5, 70, 51),
(88, 4, 4, 7, 89, 6),
(96, 4, 4, 7, 98, 11),
(97, 4, 4, 8, 99, 8),
(106, 4, 4, 7, 108, 13),
(108, 4, 4, 7, 110, 14),
(109, 4, 4, 7, 111, 15),
(110, 4, 4, 7, 112, 16),
(111, 4, 4, 7, 113, 17),
(112, 4, 4, 7, 114, 18),
(113, 4, 4, 7, 115, 19),
(114, 4, 4, 7, 116, 20),
(121, 4, 4, 7, 123, 22),
(122, 4, 4, 7, 124, 23),
(123, 4, 4, 7, 125, 24),
(125, 4, 4, 7, 127, 25),
(126, 4, 4, 7, 128, 26),
(127, 4, 4, 7, 129, 27),
(128, 4, 4, 7, 130, 28),
(129, 4, 4, 7, 131, 29),
(130, 3, 3, 4, 132, 4),
(134, 4, 4, 7, 71, 1),
(136, 4, 4, 7, 72, 2),
(138, 4, 4, 7, 73, 3),
(140, 4, 4, 7, 74, 4),
(142, 4, 4, 7, 80, 5),
(144, 4, 4, 7, 92, 12),
(146, 4, 4, 7, 93, 6),
(148, 4, 4, 7, 94, 7),
(150, 4, 4, 7, 96, 8),
(152, 4, 4, 7, 97, 9),
(154, 4, 4, 7, 102, 10),
(156, 4, 4, 7, 117, 11),
(158, 4, 4, 8, 75, 1),
(160, 4, 4, 8, 76, 3),
(162, 4, 4, 8, 77, 4),
(164, 4, 4, 8, 78, 5),
(166, 4, 4, 8, 79, 6),
(168, 4, 4, 8, 90, 2),
(170, 4, 4, 8, 91, 7),
(172, 4, 4, 8, 118, 8),
(174, 4, 4, 8, 119, 9),
(176, 4, 4, 8, 120, 10),
(178, 4, 4, 8, 121, 11),
(180, 4, 4, 8, 126, 12),
(182, 4, 4, 9, 82, 1),
(184, 4, 4, 9, 83, 2),
(186, 4, 4, 9, 84, 3),
(188, 4, 4, 10, 85, 1),
(190, 4, 4, 10, 86, 2),
(192, 4, 4, 10, 87, 3),
(194, 4, 4, 10, 88, 4),
(196, 4, 4, 10, 95, 5),
(198, 4, 4, 11, 100, 1),
(200, 4, 4, 11, 101, 2),
(202, 4, 4, 12, 103, 1),
(204, 4, 4, 12, 104, 2),
(206, 4, 4, 12, 105, 3),
(208, 4, 4, 12, 106, 4),
(210, 4, 4, 12, 107, 5),
(212, 4, 4, 12, 109, 6),
(214, 4, 4, 17, 122, 1);

-- --------------------------------------------------------

--
-- Structure de la table `eav_entity_datetime`
--

DROP TABLE IF EXISTS `eav_entity_datetime`;
CREATE TABLE IF NOT EXISTS `eav_entity_datetime` (
  `value_id` int(11) NOT NULL AUTO_INCREMENT COMMENT 'Value Id',
  `entity_type_id` smallint(5) unsigned NOT NULL DEFAULT '0' COMMENT 'Entity Type Id',
  `attribute_id` smallint(5) unsigned NOT NULL DEFAULT '0' COMMENT 'Attribute Id',
  `store_id` smallint(5) unsigned NOT NULL DEFAULT '0' COMMENT 'Store Id',
  `entity_id` int(10) unsigned NOT NULL DEFAULT '0' COMMENT 'Entity Id',
  `value` datetime NOT NULL DEFAULT '0000-00-00 00:00:00' COMMENT 'Attribute Value',
  PRIMARY KEY (`value_id`),
  UNIQUE KEY `UNQ_EAV_ENTITY_DATETIME_ENTITY_ID_ATTRIBUTE_ID_STORE_ID` (`entity_id`,`attribute_id`,`store_id`),
  KEY `IDX_EAV_ENTITY_DATETIME_ENTITY_TYPE_ID` (`entity_type_id`),
  KEY `IDX_EAV_ENTITY_DATETIME_ATTRIBUTE_ID` (`attribute_id`),
  KEY `IDX_EAV_ENTITY_DATETIME_STORE_ID` (`store_id`),
  KEY `IDX_EAV_ENTITY_DATETIME_ENTITY_ID` (`entity_id`),
  KEY `IDX_EAV_ENTITY_DATETIME_ATTRIBUTE_ID_VALUE` (`attribute_id`,`value`),
  KEY `IDX_EAV_ENTITY_DATETIME_ENTITY_TYPE_ID_VALUE` (`entity_type_id`,`value`)
) ENGINE=InnoDB DEFAULT CHARSET=utf8 COMMENT='Eav Entity Value Prefix' AUTO_INCREMENT=1 ;

-- --------------------------------------------------------

--
-- Structure de la table `eav_entity_decimal`
--

DROP TABLE IF EXISTS `eav_entity_decimal`;
CREATE TABLE IF NOT EXISTS `eav_entity_decimal` (
  `value_id` int(11) NOT NULL AUTO_INCREMENT COMMENT 'Value Id',
  `entity_type_id` smallint(5) unsigned NOT NULL DEFAULT '0' COMMENT 'Entity Type Id',
  `attribute_id` smallint(5) unsigned NOT NULL DEFAULT '0' COMMENT 'Attribute Id',
  `store_id` smallint(5) unsigned NOT NULL DEFAULT '0' COMMENT 'Store Id',
  `entity_id` int(10) unsigned NOT NULL DEFAULT '0' COMMENT 'Entity Id',
  `value` decimal(12,4) NOT NULL DEFAULT '0.0000' COMMENT 'Attribute Value',
  PRIMARY KEY (`value_id`),
  UNIQUE KEY `UNQ_EAV_ENTITY_DECIMAL_ENTITY_ID_ATTRIBUTE_ID_STORE_ID` (`entity_id`,`attribute_id`,`store_id`),
  KEY `IDX_EAV_ENTITY_DECIMAL_ENTITY_TYPE_ID` (`entity_type_id`),
  KEY `IDX_EAV_ENTITY_DECIMAL_ATTRIBUTE_ID` (`attribute_id`),
  KEY `IDX_EAV_ENTITY_DECIMAL_STORE_ID` (`store_id`),
  KEY `IDX_EAV_ENTITY_DECIMAL_ENTITY_ID` (`entity_id`),
  KEY `IDX_EAV_ENTITY_DECIMAL_ATTRIBUTE_ID_VALUE` (`attribute_id`,`value`),
  KEY `IDX_EAV_ENTITY_DECIMAL_ENTITY_TYPE_ID_VALUE` (`entity_type_id`,`value`)
) ENGINE=InnoDB DEFAULT CHARSET=utf8 COMMENT='Eav Entity Value Prefix' AUTO_INCREMENT=1 ;

-- --------------------------------------------------------

--
-- Structure de la table `eav_entity_int`
--

DROP TABLE IF EXISTS `eav_entity_int`;
CREATE TABLE IF NOT EXISTS `eav_entity_int` (
  `value_id` int(11) NOT NULL AUTO_INCREMENT COMMENT 'Value Id',
  `entity_type_id` smallint(5) unsigned NOT NULL DEFAULT '0' COMMENT 'Entity Type Id',
  `attribute_id` smallint(5) unsigned NOT NULL DEFAULT '0' COMMENT 'Attribute Id',
  `store_id` smallint(5) unsigned NOT NULL DEFAULT '0' COMMENT 'Store Id',
  `entity_id` int(10) unsigned NOT NULL DEFAULT '0' COMMENT 'Entity Id',
  `value` int(11) NOT NULL DEFAULT '0' COMMENT 'Attribute Value',
  PRIMARY KEY (`value_id`),
  UNIQUE KEY `UNQ_EAV_ENTITY_INT_ENTITY_ID_ATTRIBUTE_ID_STORE_ID` (`entity_id`,`attribute_id`,`store_id`),
  KEY `IDX_EAV_ENTITY_INT_ENTITY_TYPE_ID` (`entity_type_id`),
  KEY `IDX_EAV_ENTITY_INT_ATTRIBUTE_ID` (`attribute_id`),
  KEY `IDX_EAV_ENTITY_INT_STORE_ID` (`store_id`),
  KEY `IDX_EAV_ENTITY_INT_ENTITY_ID` (`entity_id`),
  KEY `IDX_EAV_ENTITY_INT_ATTRIBUTE_ID_VALUE` (`attribute_id`,`value`),
  KEY `IDX_EAV_ENTITY_INT_ENTITY_TYPE_ID_VALUE` (`entity_type_id`,`value`)
) ENGINE=InnoDB DEFAULT CHARSET=utf8 COMMENT='Eav Entity Value Prefix' AUTO_INCREMENT=1 ;

-- --------------------------------------------------------

--
-- Structure de la table `eav_entity_store`
--

DROP TABLE IF EXISTS `eav_entity_store`;
CREATE TABLE IF NOT EXISTS `eav_entity_store` (
  `entity_store_id` int(10) unsigned NOT NULL AUTO_INCREMENT COMMENT 'Entity Store Id',
  `entity_type_id` smallint(5) unsigned NOT NULL DEFAULT '0' COMMENT 'Entity Type Id',
  `store_id` smallint(5) unsigned NOT NULL DEFAULT '0' COMMENT 'Store Id',
  `increment_prefix` varchar(20) DEFAULT NULL COMMENT 'Increment Prefix',
  `increment_last_id` varchar(50) DEFAULT NULL COMMENT 'Last Incremented Id',
  PRIMARY KEY (`entity_store_id`),
  KEY `IDX_EAV_ENTITY_STORE_ENTITY_TYPE_ID` (`entity_type_id`),
  KEY `IDX_EAV_ENTITY_STORE_STORE_ID` (`store_id`)
) ENGINE=InnoDB DEFAULT CHARSET=utf8 COMMENT='Eav Entity Store' AUTO_INCREMENT=1 ;

-- --------------------------------------------------------

--
-- Structure de la table `eav_entity_text`
--

DROP TABLE IF EXISTS `eav_entity_text`;
CREATE TABLE IF NOT EXISTS `eav_entity_text` (
  `value_id` int(11) NOT NULL AUTO_INCREMENT COMMENT 'Value Id',
  `entity_type_id` smallint(5) unsigned NOT NULL DEFAULT '0' COMMENT 'Entity Type Id',
  `attribute_id` smallint(5) unsigned NOT NULL DEFAULT '0' COMMENT 'Attribute Id',
  `store_id` smallint(5) unsigned NOT NULL DEFAULT '0' COMMENT 'Store Id',
  `entity_id` int(10) unsigned NOT NULL DEFAULT '0' COMMENT 'Entity Id',
  `value` text NOT NULL COMMENT 'Attribute Value',
  PRIMARY KEY (`value_id`),
  UNIQUE KEY `UNQ_EAV_ENTITY_TEXT_ENTITY_ID_ATTRIBUTE_ID_STORE_ID` (`entity_id`,`attribute_id`,`store_id`),
  KEY `IDX_EAV_ENTITY_TEXT_ENTITY_TYPE_ID` (`entity_type_id`),
  KEY `IDX_EAV_ENTITY_TEXT_ATTRIBUTE_ID` (`attribute_id`),
  KEY `IDX_EAV_ENTITY_TEXT_STORE_ID` (`store_id`),
  KEY `IDX_EAV_ENTITY_TEXT_ENTITY_ID` (`entity_id`)
) ENGINE=InnoDB DEFAULT CHARSET=utf8 COMMENT='Eav Entity Value Prefix' AUTO_INCREMENT=1 ;

-- --------------------------------------------------------

--
-- Structure de la table `eav_entity_type`
--

DROP TABLE IF EXISTS `eav_entity_type`;
CREATE TABLE IF NOT EXISTS `eav_entity_type` (
  `entity_type_id` smallint(5) unsigned NOT NULL AUTO_INCREMENT COMMENT 'Entity Type Id',
  `entity_type_code` varchar(50) NOT NULL COMMENT 'Entity Type Code',
  `entity_model` varchar(255) NOT NULL COMMENT 'Entity Model',
  `attribute_model` varchar(255) DEFAULT NULL COMMENT 'Attribute Model',
  `entity_table` varchar(255) DEFAULT NULL COMMENT 'Entity Table',
  `value_table_prefix` varchar(255) DEFAULT NULL COMMENT 'Value Table Prefix',
  `entity_id_field` varchar(255) DEFAULT NULL COMMENT 'Entity Id Field',
  `is_data_sharing` smallint(5) unsigned NOT NULL DEFAULT '1' COMMENT 'Defines Is Data Sharing',
  `data_sharing_key` varchar(100) DEFAULT 'default' COMMENT 'Data Sharing Key',
  `default_attribute_set_id` smallint(5) unsigned NOT NULL DEFAULT '0' COMMENT 'Default Attribute Set Id',
  `increment_model` varchar(255) DEFAULT '' COMMENT 'Increment Model',
  `increment_per_store` smallint(5) unsigned NOT NULL DEFAULT '0' COMMENT 'Increment Per Store',
  `increment_pad_length` smallint(5) unsigned NOT NULL DEFAULT '8' COMMENT 'Increment Pad Length',
  `increment_pad_char` varchar(1) NOT NULL DEFAULT '0' COMMENT 'Increment Pad Char',
  `additional_attribute_table` varchar(255) DEFAULT '' COMMENT 'Additional Attribute Table',
  `entity_attribute_collection` varchar(255) DEFAULT NULL COMMENT 'Entity Attribute Collection',
  PRIMARY KEY (`entity_type_id`),
  KEY `IDX_EAV_ENTITY_TYPE_ENTITY_TYPE_CODE` (`entity_type_code`)
) ENGINE=InnoDB  DEFAULT CHARSET=utf8 COMMENT='Eav Entity Type' AUTO_INCREMENT=9 ;

--
-- Contenu de la table `eav_entity_type`
--

INSERT INTO `eav_entity_type` (`entity_type_id`, `entity_type_code`, `entity_model`, `attribute_model`, `entity_table`, `value_table_prefix`, `entity_id_field`, `is_data_sharing`, `data_sharing_key`, `default_attribute_set_id`, `increment_model`, `increment_per_store`, `increment_pad_length`, `increment_pad_char`, `additional_attribute_table`, `entity_attribute_collection`) VALUES
(1, 'customer', 'customer/customer', 'customer/attribute', 'customer/entity', NULL, NULL, 1, 'default', 1, 'eav/entity_increment_numeric', 0, 8, '0', 'customer/eav_attribute', 'customer/attribute_collection'),
(2, 'customer_address', 'customer/address', 'customer/attribute', 'customer/address_entity', NULL, NULL, 1, 'default', 2, NULL, 0, 8, '0', 'customer/eav_attribute', 'customer/address_attribute_collection'),
(3, 'catalog_category', 'catalog/category', 'catalog/resource_eav_attribute', 'catalog/category', NULL, NULL, 1, 'default', 3, NULL, 0, 8, '0', 'catalog/eav_attribute', 'catalog/category_attribute_collection'),
(4, 'catalog_product', 'catalog/product', 'catalog/resource_eav_attribute', 'catalog/product', NULL, NULL, 1, 'default', 4, NULL, 0, 8, '0', 'catalog/eav_attribute', 'catalog/product_attribute_collection'),
(5, 'order', 'sales/order', NULL, 'sales/order', NULL, NULL, 1, 'default', 0, 'eav/entity_increment_numeric', 1, 8, '0', NULL, NULL),
(6, 'invoice', 'sales/order_invoice', NULL, 'sales/invoice', NULL, NULL, 1, 'default', 0, 'eav/entity_increment_numeric', 1, 8, '0', NULL, NULL),
(7, 'creditmemo', 'sales/order_creditmemo', NULL, 'sales/creditmemo', NULL, NULL, 1, 'default', 0, 'eav/entity_increment_numeric', 1, 8, '0', NULL, NULL),
(8, 'shipment', 'sales/order_shipment', NULL, 'sales/shipment', NULL, NULL, 1, 'default', 0, 'eav/entity_increment_numeric', 1, 8, '0', NULL, NULL);

-- --------------------------------------------------------

--
-- Structure de la table `eav_entity_varchar`
--

DROP TABLE IF EXISTS `eav_entity_varchar`;
CREATE TABLE IF NOT EXISTS `eav_entity_varchar` (
  `value_id` int(11) NOT NULL AUTO_INCREMENT COMMENT 'Value Id',
  `entity_type_id` smallint(5) unsigned NOT NULL DEFAULT '0' COMMENT 'Entity Type Id',
  `attribute_id` smallint(5) unsigned NOT NULL DEFAULT '0' COMMENT 'Attribute Id',
  `store_id` smallint(5) unsigned NOT NULL DEFAULT '0' COMMENT 'Store Id',
  `entity_id` int(10) unsigned NOT NULL DEFAULT '0' COMMENT 'Entity Id',
  `value` varchar(255) DEFAULT NULL COMMENT 'Attribute Value',
  PRIMARY KEY (`value_id`),
  UNIQUE KEY `UNQ_EAV_ENTITY_VARCHAR_ENTITY_ID_ATTRIBUTE_ID_STORE_ID` (`entity_id`,`attribute_id`,`store_id`),
  KEY `IDX_EAV_ENTITY_VARCHAR_ENTITY_TYPE_ID` (`entity_type_id`),
  KEY `IDX_EAV_ENTITY_VARCHAR_ATTRIBUTE_ID` (`attribute_id`),
  KEY `IDX_EAV_ENTITY_VARCHAR_STORE_ID` (`store_id`),
  KEY `IDX_EAV_ENTITY_VARCHAR_ENTITY_ID` (`entity_id`),
  KEY `IDX_EAV_ENTITY_VARCHAR_ATTRIBUTE_ID_VALUE` (`attribute_id`,`value`),
  KEY `IDX_EAV_ENTITY_VARCHAR_ENTITY_TYPE_ID_VALUE` (`entity_type_id`,`value`)
) ENGINE=InnoDB DEFAULT CHARSET=utf8 COMMENT='Eav Entity Value Prefix' AUTO_INCREMENT=1 ;

-- --------------------------------------------------------

--
-- Structure de la table `eav_form_element`
--

DROP TABLE IF EXISTS `eav_form_element`;
CREATE TABLE IF NOT EXISTS `eav_form_element` (
  `element_id` int(10) unsigned NOT NULL AUTO_INCREMENT COMMENT 'Element Id',
  `type_id` smallint(5) unsigned NOT NULL COMMENT 'Type Id',
  `fieldset_id` smallint(5) unsigned DEFAULT NULL COMMENT 'Fieldset Id',
  `attribute_id` smallint(5) unsigned NOT NULL COMMENT 'Attribute Id',
  `sort_order` int(11) NOT NULL DEFAULT '0' COMMENT 'Sort Order',
  PRIMARY KEY (`element_id`),
  UNIQUE KEY `UNQ_EAV_FORM_ELEMENT_TYPE_ID_ATTRIBUTE_ID` (`type_id`,`attribute_id`),
  KEY `IDX_EAV_FORM_ELEMENT_TYPE_ID` (`type_id`),
  KEY `IDX_EAV_FORM_ELEMENT_FIELDSET_ID` (`fieldset_id`),
  KEY `IDX_EAV_FORM_ELEMENT_ATTRIBUTE_ID` (`attribute_id`)
) ENGINE=InnoDB  DEFAULT CHARSET=utf8 COMMENT='Eav Form Element' AUTO_INCREMENT=53 ;

--
-- Contenu de la table `eav_form_element`
--

INSERT INTO `eav_form_element` (`element_id`, `type_id`, `fieldset_id`, `attribute_id`, `sort_order`) VALUES
(1, 1, NULL, 20, 0),
(2, 1, NULL, 22, 1),
(3, 1, NULL, 24, 2),
(4, 1, NULL, 9, 3),
(5, 1, NULL, 25, 4),
(6, 1, NULL, 26, 5),
(7, 1, NULL, 28, 6),
(8, 1, NULL, 30, 7),
(9, 1, NULL, 27, 8),
(10, 1, NULL, 31, 9),
(11, 1, NULL, 32, 10),
(12, 2, NULL, 20, 0),
(13, 2, NULL, 22, 1),
(14, 2, NULL, 24, 2),
(15, 2, NULL, 9, 3),
(16, 2, NULL, 25, 4),
(17, 2, NULL, 26, 5),
(18, 2, NULL, 28, 6),
(19, 2, NULL, 30, 7),
(20, 2, NULL, 27, 8),
(21, 2, NULL, 31, 9),
(22, 2, NULL, 32, 10),
(23, 3, NULL, 20, 0),
(24, 3, NULL, 22, 1),
(25, 3, NULL, 24, 2),
(26, 3, NULL, 25, 3),
(27, 3, NULL, 26, 4),
(28, 3, NULL, 28, 5),
(29, 3, NULL, 30, 6),
(30, 3, NULL, 27, 7),
(31, 3, NULL, 31, 8),
(32, 3, NULL, 32, 9),
(33, 4, NULL, 20, 0),
(34, 4, NULL, 22, 1),
(35, 4, NULL, 24, 2),
(36, 4, NULL, 25, 3),
(37, 4, NULL, 26, 4),
(38, 4, NULL, 28, 5),
(39, 4, NULL, 30, 6),
(40, 4, NULL, 27, 7),
(41, 4, NULL, 31, 8),
(42, 4, NULL, 32, 9),
(43, 5, 1, 5, 0),
(44, 5, 1, 7, 1),
(45, 5, 1, 9, 2),
(46, 5, 2, 24, 0),
(47, 5, 2, 31, 1),
(48, 5, 2, 25, 2),
(49, 5, 2, 26, 3),
(50, 5, 2, 28, 4),
(51, 5, 2, 30, 5),
(52, 5, 2, 27, 6);

-- --------------------------------------------------------

--
-- Structure de la table `eav_form_fieldset`
--

DROP TABLE IF EXISTS `eav_form_fieldset`;
CREATE TABLE IF NOT EXISTS `eav_form_fieldset` (
  `fieldset_id` smallint(5) unsigned NOT NULL AUTO_INCREMENT COMMENT 'Fieldset Id',
  `type_id` smallint(5) unsigned NOT NULL COMMENT 'Type Id',
  `code` varchar(64) NOT NULL COMMENT 'Code',
  `sort_order` int(11) NOT NULL DEFAULT '0' COMMENT 'Sort Order',
  PRIMARY KEY (`fieldset_id`),
  UNIQUE KEY `UNQ_EAV_FORM_FIELDSET_TYPE_ID_CODE` (`type_id`,`code`),
  KEY `IDX_EAV_FORM_FIELDSET_TYPE_ID` (`type_id`)
) ENGINE=InnoDB  DEFAULT CHARSET=utf8 COMMENT='Eav Form Fieldset' AUTO_INCREMENT=3 ;

--
-- Contenu de la table `eav_form_fieldset`
--

INSERT INTO `eav_form_fieldset` (`fieldset_id`, `type_id`, `code`, `sort_order`) VALUES
(1, 5, 'general', 1),
(2, 5, 'address', 2);

-- --------------------------------------------------------

--
-- Structure de la table `eav_form_fieldset_label`
--

DROP TABLE IF EXISTS `eav_form_fieldset_label`;
CREATE TABLE IF NOT EXISTS `eav_form_fieldset_label` (
  `fieldset_id` smallint(5) unsigned NOT NULL COMMENT 'Fieldset Id',
  `store_id` smallint(5) unsigned NOT NULL COMMENT 'Store Id',
  `label` varchar(255) NOT NULL COMMENT 'Label',
  PRIMARY KEY (`fieldset_id`,`store_id`),
  KEY `IDX_EAV_FORM_FIELDSET_LABEL_FIELDSET_ID` (`fieldset_id`),
  KEY `IDX_EAV_FORM_FIELDSET_LABEL_STORE_ID` (`store_id`)
) ENGINE=InnoDB DEFAULT CHARSET=utf8 COMMENT='Eav Form Fieldset Label';

--
-- Contenu de la table `eav_form_fieldset_label`
--

INSERT INTO `eav_form_fieldset_label` (`fieldset_id`, `store_id`, `label`) VALUES
(1, 0, 'Personal Information'),
(2, 0, 'Address Information');

-- --------------------------------------------------------

--
-- Structure de la table `eav_form_type`
--

DROP TABLE IF EXISTS `eav_form_type`;
CREATE TABLE IF NOT EXISTS `eav_form_type` (
  `type_id` smallint(5) unsigned NOT NULL AUTO_INCREMENT COMMENT 'Type Id',
  `code` varchar(64) NOT NULL COMMENT 'Code',
  `label` varchar(255) NOT NULL COMMENT 'Label',
  `is_system` smallint(5) unsigned NOT NULL DEFAULT '0' COMMENT 'Is System',
  `theme` varchar(64) DEFAULT NULL COMMENT 'Theme',
  `store_id` smallint(5) unsigned NOT NULL COMMENT 'Store Id',
  PRIMARY KEY (`type_id`),
  UNIQUE KEY `UNQ_EAV_FORM_TYPE_CODE_THEME_STORE_ID` (`code`,`theme`,`store_id`),
  KEY `IDX_EAV_FORM_TYPE_STORE_ID` (`store_id`)
) ENGINE=InnoDB  DEFAULT CHARSET=utf8 COMMENT='Eav Form Type' AUTO_INCREMENT=6 ;

--
-- Contenu de la table `eav_form_type`
--

INSERT INTO `eav_form_type` (`type_id`, `code`, `label`, `is_system`, `theme`, `store_id`) VALUES
(1, 'checkout_onepage_register', 'checkout_onepage_register', 1, '', 0),
(2, 'checkout_onepage_register_guest', 'checkout_onepage_register_guest', 1, '', 0),
(3, 'checkout_onepage_billing_address', 'checkout_onepage_billing_address', 1, '', 0),
(4, 'checkout_onepage_shipping_address', 'checkout_onepage_shipping_address', 1, '', 0),
(5, 'checkout_multishipping_register', 'checkout_multishipping_register', 1, '', 0);

-- --------------------------------------------------------

--
-- Structure de la table `eav_form_type_entity`
--

DROP TABLE IF EXISTS `eav_form_type_entity`;
CREATE TABLE IF NOT EXISTS `eav_form_type_entity` (
  `type_id` smallint(5) unsigned NOT NULL COMMENT 'Type Id',
  `entity_type_id` smallint(5) unsigned NOT NULL COMMENT 'Entity Type Id',
  PRIMARY KEY (`type_id`,`entity_type_id`),
  KEY `IDX_EAV_FORM_TYPE_ENTITY_ENTITY_TYPE_ID` (`entity_type_id`)
) ENGINE=InnoDB DEFAULT CHARSET=utf8 COMMENT='Eav Form Type Entity';

--
-- Contenu de la table `eav_form_type_entity`
--

INSERT INTO `eav_form_type_entity` (`type_id`, `entity_type_id`) VALUES
(1, 1),
(2, 1),
(5, 1),
(1, 2),
(2, 2),
(3, 2),
(4, 2),
(5, 2);

--
-- Contraintes pour les tables exportées
--

--
-- Contraintes pour la table `eav_attribute`
--
ALTER TABLE `eav_attribute`
  ADD CONSTRAINT `FK_EAV_ATTRIBUTE_ENTITY_TYPE_ID_EAV_ENTITY_TYPE_ENTITY_TYPE_ID` FOREIGN KEY (`entity_type_id`) REFERENCES `eav_entity_type` (`entity_type_id`) ON DELETE CASCADE ON UPDATE CASCADE;

--
-- Contraintes pour la table `eav_attribute_group`
--
ALTER TABLE `eav_attribute_group`
  ADD CONSTRAINT `FK_EAV_ATTR_GROUP_ATTR_SET_ID_EAV_ATTR_SET_ATTR_SET_ID` FOREIGN KEY (`attribute_set_id`) REFERENCES `eav_attribute_set` (`attribute_set_id`) ON DELETE CASCADE ON UPDATE CASCADE;

--
-- Contraintes pour la table `eav_attribute_label`
--
ALTER TABLE `eav_attribute_label`
  ADD CONSTRAINT `FK_EAV_ATTRIBUTE_LABEL_ATTRIBUTE_ID_EAV_ATTRIBUTE_ATTRIBUTE_ID` FOREIGN KEY (`attribute_id`) REFERENCES `eav_attribute` (`attribute_id`) ON DELETE CASCADE ON UPDATE CASCADE,
  ADD CONSTRAINT `FK_EAV_ATTRIBUTE_LABEL_STORE_ID_CORE_STORE_STORE_ID` FOREIGN KEY (`store_id`) REFERENCES `core_store` (`store_id`) ON DELETE CASCADE ON UPDATE CASCADE;

--
-- Contraintes pour la table `eav_attribute_option`
--
ALTER TABLE `eav_attribute_option`
  ADD CONSTRAINT `FK_EAV_ATTRIBUTE_OPTION_ATTRIBUTE_ID_EAV_ATTRIBUTE_ATTRIBUTE_ID` FOREIGN KEY (`attribute_id`) REFERENCES `eav_attribute` (`attribute_id`) ON DELETE CASCADE ON UPDATE CASCADE;

--
-- Contraintes pour la table `eav_attribute_option_value`
--
ALTER TABLE `eav_attribute_option_value`
  ADD CONSTRAINT `FK_EAV_ATTRIBUTE_OPTION_VALUE_STORE_ID_CORE_STORE_STORE_ID` FOREIGN KEY (`store_id`) REFERENCES `core_store` (`store_id`) ON DELETE CASCADE ON UPDATE CASCADE,
  ADD CONSTRAINT `FK_EAV_ATTR_OPT_VAL_OPT_ID_EAV_ATTR_OPT_OPT_ID` FOREIGN KEY (`option_id`) REFERENCES `eav_attribute_option` (`option_id`) ON DELETE CASCADE ON UPDATE CASCADE;

--
-- Contraintes pour la table `eav_attribute_set`
--
ALTER TABLE `eav_attribute_set`
  ADD CONSTRAINT `FK_EAV_ATTR_SET_ENTT_TYPE_ID_EAV_ENTT_TYPE_ENTT_TYPE_ID` FOREIGN KEY (`entity_type_id`) REFERENCES `eav_entity_type` (`entity_type_id`) ON DELETE CASCADE ON UPDATE CASCADE;

--
-- Contraintes pour la table `eav_entity`
--
ALTER TABLE `eav_entity`
  ADD CONSTRAINT `FK_EAV_ENTITY_ENTITY_TYPE_ID_EAV_ENTITY_TYPE_ENTITY_TYPE_ID` FOREIGN KEY (`entity_type_id`) REFERENCES `eav_entity_type` (`entity_type_id`) ON DELETE CASCADE ON UPDATE CASCADE,
  ADD CONSTRAINT `FK_EAV_ENTITY_STORE_ID_CORE_STORE_STORE_ID` FOREIGN KEY (`store_id`) REFERENCES `core_store` (`store_id`) ON DELETE CASCADE ON UPDATE CASCADE;

--
-- Contraintes pour la table `eav_entity_attribute`
--
ALTER TABLE `eav_entity_attribute`
  ADD CONSTRAINT `FK_EAV_ENTITY_ATTRIBUTE_ATTRIBUTE_ID_EAV_ATTRIBUTE_ATTRIBUTE_ID` FOREIGN KEY (`attribute_id`) REFERENCES `eav_attribute` (`attribute_id`) ON DELETE CASCADE ON UPDATE CASCADE,
  ADD CONSTRAINT `FK_EAV_ENTT_ATTR_ATTR_GROUP_ID_EAV_ATTR_GROUP_ATTR_GROUP_ID` FOREIGN KEY (`attribute_group_id`) REFERENCES `eav_attribute_group` (`attribute_group_id`) ON DELETE CASCADE ON UPDATE CASCADE;

--
-- Contraintes pour la table `eav_entity_datetime`
--
ALTER TABLE `eav_entity_datetime`
  ADD CONSTRAINT `FK_EAV_ENTITY_DATETIME_ENTITY_ID_EAV_ENTITY_ENTITY_ID` FOREIGN KEY (`entity_id`) REFERENCES `eav_entity` (`entity_id`) ON DELETE CASCADE ON UPDATE CASCADE,
  ADD CONSTRAINT `FK_EAV_ENTITY_DATETIME_STORE_ID_CORE_STORE_STORE_ID` FOREIGN KEY (`store_id`) REFERENCES `core_store` (`store_id`) ON DELETE CASCADE ON UPDATE CASCADE,
  ADD CONSTRAINT `FK_EAV_ENTT_DTIME_ENTT_TYPE_ID_EAV_ENTT_TYPE_ENTT_TYPE_ID` FOREIGN KEY (`entity_type_id`) REFERENCES `eav_entity_type` (`entity_type_id`) ON DELETE CASCADE ON UPDATE CASCADE;

--
-- Contraintes pour la table `eav_entity_decimal`
--
ALTER TABLE `eav_entity_decimal`
  ADD CONSTRAINT `FK_EAV_ENTITY_DECIMAL_ENTITY_ID_EAV_ENTITY_ENTITY_ID` FOREIGN KEY (`entity_id`) REFERENCES `eav_entity` (`entity_id`) ON DELETE CASCADE ON UPDATE CASCADE,
  ADD CONSTRAINT `FK_EAV_ENTITY_DECIMAL_STORE_ID_CORE_STORE_STORE_ID` FOREIGN KEY (`store_id`) REFERENCES `core_store` (`store_id`) ON DELETE CASCADE ON UPDATE CASCADE,
  ADD CONSTRAINT `FK_EAV_ENTT_DEC_ENTT_TYPE_ID_EAV_ENTT_TYPE_ENTT_TYPE_ID` FOREIGN KEY (`entity_type_id`) REFERENCES `eav_entity_type` (`entity_type_id`) ON DELETE CASCADE ON UPDATE CASCADE;

--
-- Contraintes pour la table `eav_entity_int`
--
ALTER TABLE `eav_entity_int`
  ADD CONSTRAINT `FK_EAV_ENTITY_INT_ENTITY_ID_EAV_ENTITY_ENTITY_ID` FOREIGN KEY (`entity_id`) REFERENCES `eav_entity` (`entity_id`) ON DELETE CASCADE ON UPDATE CASCADE,
  ADD CONSTRAINT `FK_EAV_ENTITY_INT_ENTITY_TYPE_ID_EAV_ENTITY_TYPE_ENTITY_TYPE_ID` FOREIGN KEY (`entity_type_id`) REFERENCES `eav_entity_type` (`entity_type_id`) ON DELETE CASCADE ON UPDATE CASCADE,
  ADD CONSTRAINT `FK_EAV_ENTITY_INT_STORE_ID_CORE_STORE_STORE_ID` FOREIGN KEY (`store_id`) REFERENCES `core_store` (`store_id`) ON DELETE CASCADE ON UPDATE CASCADE;

--
-- Contraintes pour la table `eav_entity_store`
--
ALTER TABLE `eav_entity_store`
  ADD CONSTRAINT `FK_EAV_ENTITY_STORE_STORE_ID_CORE_STORE_STORE_ID` FOREIGN KEY (`store_id`) REFERENCES `core_store` (`store_id`) ON DELETE CASCADE ON UPDATE CASCADE,
  ADD CONSTRAINT `FK_EAV_ENTT_STORE_ENTT_TYPE_ID_EAV_ENTT_TYPE_ENTT_TYPE_ID` FOREIGN KEY (`entity_type_id`) REFERENCES `eav_entity_type` (`entity_type_id`) ON DELETE CASCADE ON UPDATE CASCADE;

--
-- Contraintes pour la table `eav_entity_text`
--
ALTER TABLE `eav_entity_text`
  ADD CONSTRAINT `FK_EAV_ENTITY_TEXT_ENTITY_ID_EAV_ENTITY_ENTITY_ID` FOREIGN KEY (`entity_id`) REFERENCES `eav_entity` (`entity_id`) ON DELETE CASCADE ON UPDATE CASCADE,
  ADD CONSTRAINT `FK_EAV_ENTITY_TEXT_ENTITY_TYPE_ID_EAV_ENTITY_TYPE_ENTITY_TYPE_ID` FOREIGN KEY (`entity_type_id`) REFERENCES `eav_entity_type` (`entity_type_id`) ON DELETE CASCADE ON UPDATE CASCADE,
  ADD CONSTRAINT `FK_EAV_ENTITY_TEXT_STORE_ID_CORE_STORE_STORE_ID` FOREIGN KEY (`store_id`) REFERENCES `core_store` (`store_id`) ON DELETE CASCADE ON UPDATE CASCADE;

--
-- Contraintes pour la table `eav_entity_varchar`
--
ALTER TABLE `eav_entity_varchar`
  ADD CONSTRAINT `FK_EAV_ENTITY_VARCHAR_ENTITY_ID_EAV_ENTITY_ENTITY_ID` FOREIGN KEY (`entity_id`) REFERENCES `eav_entity` (`entity_id`) ON DELETE CASCADE ON UPDATE CASCADE,
  ADD CONSTRAINT `FK_EAV_ENTITY_VARCHAR_STORE_ID_CORE_STORE_STORE_ID` FOREIGN KEY (`store_id`) REFERENCES `core_store` (`store_id`) ON DELETE CASCADE ON UPDATE CASCADE,
  ADD CONSTRAINT `FK_EAV_ENTT_VCHR_ENTT_TYPE_ID_EAV_ENTT_TYPE_ENTT_TYPE_ID` FOREIGN KEY (`entity_type_id`) REFERENCES `eav_entity_type` (`entity_type_id`) ON DELETE CASCADE ON UPDATE CASCADE;

--
-- Contraintes pour la table `eav_form_element`
--
ALTER TABLE `eav_form_element`
  ADD CONSTRAINT `FK_EAV_FORM_ELEMENT_ATTRIBUTE_ID_EAV_ATTRIBUTE_ATTRIBUTE_ID` FOREIGN KEY (`attribute_id`) REFERENCES `eav_attribute` (`attribute_id`) ON DELETE CASCADE ON UPDATE CASCADE,
  ADD CONSTRAINT `FK_EAV_FORM_ELEMENT_FIELDSET_ID_EAV_FORM_FIELDSET_FIELDSET_ID` FOREIGN KEY (`fieldset_id`) REFERENCES `eav_form_fieldset` (`fieldset_id`) ON DELETE SET NULL ON UPDATE CASCADE,
  ADD CONSTRAINT `FK_EAV_FORM_ELEMENT_TYPE_ID_EAV_FORM_TYPE_TYPE_ID` FOREIGN KEY (`type_id`) REFERENCES `eav_form_type` (`type_id`) ON DELETE CASCADE ON UPDATE CASCADE;

--
-- Contraintes pour la table `eav_form_fieldset`
--
ALTER TABLE `eav_form_fieldset`
  ADD CONSTRAINT `FK_EAV_FORM_FIELDSET_TYPE_ID_EAV_FORM_TYPE_TYPE_ID` FOREIGN KEY (`type_id`) REFERENCES `eav_form_type` (`type_id`) ON DELETE CASCADE ON UPDATE CASCADE;

--
-- Contraintes pour la table `eav_form_fieldset_label`
--
ALTER TABLE `eav_form_fieldset_label`
  ADD CONSTRAINT `FK_EAV_FORM_FIELDSET_LABEL_STORE_ID_CORE_STORE_STORE_ID` FOREIGN KEY (`store_id`) REFERENCES `core_store` (`store_id`) ON DELETE CASCADE ON UPDATE CASCADE,
  ADD CONSTRAINT `FK_EAV_FORM_FSET_LBL_FSET_ID_EAV_FORM_FSET_FSET_ID` FOREIGN KEY (`fieldset_id`) REFERENCES `eav_form_fieldset` (`fieldset_id`) ON DELETE CASCADE ON UPDATE CASCADE;

--
-- Contraintes pour la table `eav_form_type`
--
ALTER TABLE `eav_form_type`
  ADD CONSTRAINT `FK_EAV_FORM_TYPE_STORE_ID_CORE_STORE_STORE_ID` FOREIGN KEY (`store_id`) REFERENCES `core_store` (`store_id`) ON DELETE CASCADE ON UPDATE CASCADE;

--
-- Contraintes pour la table `eav_form_type_entity`
--
ALTER TABLE `eav_form_type_entity`
  ADD CONSTRAINT `FK_EAV_FORM_TYPE_ENTITY_TYPE_ID_EAV_FORM_TYPE_TYPE_ID` FOREIGN KEY (`type_id`) REFERENCES `eav_form_type` (`type_id`) ON DELETE CASCADE ON UPDATE CASCADE,
  ADD CONSTRAINT `FK_EAV_FORM_TYPE_ENTT_ENTT_TYPE_ID_EAV_ENTT_TYPE_ENTT_TYPE_ID` FOREIGN KEY (`entity_type_id`) REFERENCES `eav_entity_type` (`entity_type_id`) ON DELETE CASCADE ON UPDATE CASCADE;
SET FOREIGN_KEY_CHECKS=1;

/*!40101 SET CHARACTER_SET_CLIENT=@OLD_CHARACTER_SET_CLIENT */;
/*!40101 SET CHARACTER_SET_RESULTS=@OLD_CHARACTER_SET_RESULTS */;
/*!40101 SET COLLATION_CONNECTION=@OLD_COLLATION_CONNECTION */;
